index,Molecule Name,SMILES,Mean activity (%),Standard Deviation,Inhibition,amine_rbf_pred,amine_matern_pred,gp_pred
0,PCM-0223662,O=C(CN1Cc2ccc(Cl)cc2C(C(=O)Nc2cncc3ccccc23)C1)Nc1ccc(Br)c(Cl)c1Cl,79.7,0.3,20.3,14.775624529575024,20.99602174438165,17.88582313697834
1,PCM-0223661,O=C(CN1Cc2ccc(Cl)cc2C(C(=O)Nc2cncc3ccccc23)C1)Nc1nc2c(Cl)cccc2s1,79.1,0.1,20.90000000000001,13.198525305615398,20.12720658229858,16.662865943956987
3,PCM-0223659,O=C(NC1CCN(C(=O)CN2Cc3ccc(Cl)cc3C(C(=O)Nc3cncc4ccccc34)C2)CC1)c1ccccc1,70.7,0.3,29.3,33.45660164880538,42.25555173169673,37.85607669025106
4,PCM-0223658,COc1cccc(CCNC(=O)CN2Cc3ccc(Cl)cc3C(C(=O)Nc3cncc4ccccc34)C2)c1,24.6,0.5,75.4,76.21850147713502,71.72470571735664,73.97160359724583
5,PCM-0223657,Cc1nccn1-c1ccc(NC(=O)CN2Cc3ccc(Cl)cc3C(C(=O)Nc3cncc4ccccc34)C2)cc1,16.5,0.3,83.5,43.94625063517367,43.805653921479575,43.87595227832662
6,PCM-0223656,O=C(CN1Cc2ccc(Cl)cc2C(C(=O)Nc2cncc3ccccc23)C1)Nc1c(F)c(F)cc(F)c1F,80.0,0.3,20.0,35.98930189795817,33.13738079164655,34.56334134480236
7,PCM-0223655,O=C(Nc1cncc2ccccc12)C1CN(CC(=O)N(C2CCCCC2)C2CCCCC2)Cc2ccc(Cl)cc21,79.3,0.8,20.700000000000003,61.89503136893481,57.67173572766071,59.78338354829776
8,PCM-0223654,O=C(CN1Cc2ccc(Cl)cc2C(C(=O)Nc2cncc3ccccc23)C1)Nc1ccc(C(F)(F)F)cc1,80.9,0.2,19.099999999999994,68.66180206029782,55.02543788215358,61.8436199712257
9,PCM-0223653,CN(C(=O)OC(C)(C)C)C1CCN(C(=O)CN2Cc3ccc(Cl)cc3C(C(=O)Nc3cncc4ccccc34)C2)C1,58.9,0.7,41.1,24.63376645206548,28.78113229443581,26.707449373250647
10,PCM-0223652,O=C(CN1Cc2ccc(Cl)cc2C(C(=O)Nc2cncc3ccccc23)C1)Nc1ccc2nccnc2c1Br,50.8,0.6,49.2,12.184845522884489,21.553591063808263,16.869218293346375
11,PCM-0223651,O=C(CN1Cc2ccc(Cl)cc2C(C(=O)Nc2cncc3ccccc23)C1)Nc1nnc(C(F)(F)F)s1,79.8,0.2,20.200000000000003,27.98406885041789,34.97598656624517,31.48002770833153
12,PCM-0223650,NC(=O)c1c(NC(=O)CN2Cc3ccc(Cl)cc3C(C(=O)Nc3cncc4ccccc34)C2)sc2c1CCCC2,44.3,0.3,55.7,2.7539862677290343,12.03295334439249,7.393469806060763
13,PCM-0223649,O=C(Nc1cncc2ccccc12)C1CN(CC(=O)N2CCN(C(=O)c3ccco3)CC2)Cc2ccc(Cl)cc21,74.0,1.7,26.0,15.6910760017634,26.01735353109281,20.854214766428104
14,PCM-0223648,O=C(CN1Cc2ccc(Cl)cc2C(C(=O)Nc2cncc3ccccc23)C1)NCc1cccc(Br)c1,8.0,0.1,92.0,67.56313833225657,69.08118449727331,68.32216141476493
15,PCM-0223647,CNC(=O)c1ccccc1NC(=O)CN1Cc2ccc(Cl)cc2C(C(=O)Nc2cncc3ccccc23)C1,71.1,0.5,28.90000000000001,42.575240137954296,43.663796478381954,43.119518308168125
16,PCM-0223646,O=C(CN1Cc2ccc(Cl)cc2C(C(=O)Nc2cncc3ccccc23)C1)Nc1ccc(OCc2ccccn2)c(Cl)c1,79.7,0.1,20.3,16.298482965728507,23.77909240678861,20.03878768625856
18,PCM-0223644,Cc1c(NC(=O)CN2Cc3ccc(Cl)cc3C(C(=O)Nc3cncc4ccccc34)C2)c(=O)n(-c2ccccc2)n1C,20.7,0.6,79.3,3.427170751529073,12.758695874517494,8.092933313023284
19,PCM-0223643,O=C(CN1Cc2ccc(Cl)cc2C(C(=O)Nc2cncc3ccccc23)C1)Nc1ncnc(Cl)c1Cl,82.4,0.4,17.599999999999994,20.52094237299582,24.426264137143185,22.473603255069506
20,PCM-0223642,O=C(CN1Cc2ccc(Cl)cc2C(C(=O)Nc2cncc3ccccc23)C1)Nc1ccc(N2CCOCC2=O)cc1,8.6,0.0,91.4,39.50026392794695,42.88544035571171,41.19285214182933
21,PCM-0223641,N#Cc1c(Cl)cccc1NC(=O)CN1Cc2ccc(Cl)cc2C(C(=O)Nc2cncc3ccccc23)C1,79.5,1.3,20.5,18.5763181785462,24.54802598010901,21.562172079327603
22,PCM-0223640,O=C(CN1Cc2ccc(Cl)cc2C(C(=O)Nc2cncc3ccccc23)C1)Nc1ccc2cc(Br)ccc2c1,83.3,0.1,16.700000000000003,50.248223853885726,44.78961685544588,47.5189203546658
23,PCM-0223639,O=C(CN1Cc2ccc(Cl)cc2C(C(=O)Nc2cncc3ccccc23)C1)Nc1ccc(I)cc1,50.9,0.3,49.1,41.39448530316198,40.83277094406075,41.11362812361136
24,PCM-0223638,CC(=O)Nc1ccc(NC(=O)CN2Cc3ccc(Cl)cc3C(C(=O)Nc3cncc4ccccc34)C2)cc1,4.8,0.1,95.2,80.65128329091598,63.51534087929454,72.08331208510526
25,PCM-0223637,CN(C)C(=O)CN1CCN(C(=O)CN2Cc3ccc(Cl)cc3C(C(=O)Nc3cncc4ccccc34)C2)CC1,66.5,0.5,33.5,52.39627157724562,50.59991561175752,51.49809359450157
26,PCM-0223636,O=C(CN1Cc2ccc(Cl)cc2C(C(=O)Nc2cncc3ccccc23)C1)Nc1cc(Cl)nc(Cl)n1,82.3,0.9,17.700000000000003,23.80967483478555,27.49094988476793,25.65031235977674
27,PCM-0223635,N[C@@H](Cc1ccc(O)cc1)C(=O)NC(=O)CN1Cc2ccc(Cl)cc2C(C(=O)Nc2cncc3ccccc23)C1,17.0,0.5,83.0,52.615472575445125,56.26111604273358,54.43829430908936
28,PCM-0223634,O=C(CN1Cc2ccc(Cl)cc2C(C(=O)Nc2cncc3ccccc23)C1)Nc1cnc(Br)c(Cl)n1,81.0,1.1,19.0,19.296947254958525,23.89059734943408,21.593772302196303
29,PCM-0223633,CC(C)(C)OC(=O)NC1CN(C(=O)CN2Cc3ccc(Cl)cc3C(C(=O)Nc3cncc4ccccc34)C2)C1,62.7,0.0,37.3,37.767140328181135,39.289958442364856,38.528549385273
30,PCM-0223632,O=C(CN1Cc2ccc(Cl)cc2C(C(=O)Nc2cncc3ccccc23)C1)Nc1ccc([N+](=O)[O-])cc1Cl,77.7,0.4,22.3,8.998258493815237,18.235595027330017,13.616926760572628
31,PCM-0223631,Cc1cc(F)cc(Br)c1NC(=O)CN1Cc2ccc(Cl)cc2C(C(=O)Nc2cncc3ccccc23)C1,82.0,0.1,18.0,21.58981398550725,28.736482333126144,25.163148159316695
32,PCM-0223630,CN(C(=O)CN1Cc2ccc(Cl)cc2C(C(=O)Nc2cncc3ccccc23)C1)C1CCN(C(=O)OC(C)(C)C)CC1,74.1,1.2,25.90000000000001,35.49407194953127,37.71209961092823,36.60308578022975
33,PCM-0223629,CN(Cc1ccccc1NC(=O)CN1Cc2ccc(Cl)cc2C(C(=O)Nc2cncc3ccccc23)C1)C1CCCCC1,36.1,0.8,63.9,28.035385134887683,34.63890285414372,31.337143994515703
34,PCM-0223628,Cc1nc(NC(=O)CN2Cc3ccc(Cl)cc3C(C(=O)Nc3cncc4ccccc34)C2)ccc1Br,71.4,0.5,28.599999999999994,22.008903302351072,24.64032128655129,23.324612294451185
35,PCM-0223627,O=C(CN1Cc2ccc(Cl)cc2C(C(=O)Nc2cncc3ccccc23)C1)Nc1c(F)cc(F)cc1[N+](=O)[O-],81.1,0.7,18.90000000000001,10.97944134246131,17.10844076035695,14.04394105140913
36,PCM-0223626,O=C(CN1Cc2ccc(Cl)cc2C(C(=O)Nc2cncc3ccccc23)C1)NCCCN1CCS(=O)(=O)CC1,19.8,0.2,80.2,38.614981614746775,41.84830177336007,40.23164169405342
37,PCM-0223625,O=C(CN1Cc2ccc(Cl)cc2C(C(=O)Nc2cncc3ccccc23)C1)Nc1nc(Cl)nc2nc[nH]c12,72.0,1.7,28.0,11.286963464950553,19.245172536339496,15.266068000645024
38,PCM-0223624,Cc1cn(-c2cc(NC(=O)CN3Cc4ccc(Cl)cc4C(C(=O)Nc4cncc5ccccc45)C3)cc(C(F)(F)F)c2)cn1,79.8,0.6,20.200000000000003,13.55491720570241,23.53969404919141,18.54730562744691
39,PCM-0223623,COc1ccc(NC(C)=O)cc1NC(=O)CN1Cc2ccc(Cl)cc2C(C(=O)Nc2cncc3ccccc23)C1,41.3,0.2,58.7,37.95311954794272,43.63875390547649,40.795936726709606
40,PCM-0223622,O=C(CN1Cc2ccc(Cl)cc2C(C(=O)Nc2cncc3ccccc23)C1)Nc1ccc(Br)nc1,65.1,0.1,34.900000000000006,21.87279122704577,21.295553738788367,21.58417248291707
41,PCM-0223621,CCC1(c2ccc(N)cc2)CCC(=O)N(C(=O)CN2Cc3ccc(Cl)cc3C(C(=O)Nc3cncc4ccccc34)C2)C1=O,34.8,0.0,65.2,6.854794277392727,18.022375733218297,12.438585005305512
42,PCM-0223620,O=C(CN1Cc2ccc(Cl)cc2C(C(=O)Nc2cncc3ccccc23)C1)Nc1cccc2c(=O)[nH][nH]c(=O)c12,71.4,0.8,28.599999999999994,15.534447797485075,24.34536002415914,19.93990391082211
43,PCM-0223619,O=C(CN1Cc2ccc(Cl)cc2C(C(=O)Nc2cncc3ccccc23)C1)NCC(c1cccnc1)N1CCOCC1,34.9,0.5,65.1,19.164572998053305,30.38188336459569,24.773228181324495
44,PCM-0223618,O=C(CN1Cc2ccc(Cl)cc2C(C(=O)Nc2cncc3ccccc23)C1)Nc1nnc(Cl)cc1Br,77.7,0.3,22.3,21.00397154786254,26.991779900234327,23.997875724048438
45,PCM-0223617,CCn1c2ccccc2c2cc(NC(=O)CN3Cc4ccc(Cl)cc4C(C(=O)Nc4cncc5ccccc45)C3)ccc21,78.3,4.1,21.700000000000003,18.80583942605176,27.032492211870284,22.919165818961023
46,PCM-0223616,O=C(CN1Cc2ccc(Cl)cc2C(C(=O)Nc2cncc3ccccc23)C1)N[C@H](c1ccccc1)[C@@H](O)c1ccccc1,13.2,0.6,86.8,44.06839819378248,50.36383214548689,47.21611516963468
47,PCM-0223615,O=C(CN1Cc2ccc(Cl)cc2C(C(=O)Nc2cncc3ccccc23)C1)Nc1ccncc1I,79.1,0.2,20.90000000000001,24.02750224097129,28.61129715142841,26.31939969619985
48,PCM-0223614,O=C(CN1Cc2ccc(Cl)cc2C(C(=O)Nc2cncc3ccccc23)C1)Nc1ccc(F)c(F)c1Br,79.6,0.5,20.40000000000001,23.095202463195506,24.49032933905741,23.792765901126455
49,PCM-0223613,O=C(CN1Cc2ccc(Cl)cc2C(C(=O)Nc2cncc3ccccc23)C1)Nc1cc(Br)cc(C(F)(F)F)c1,78.9,0.2,21.099999999999994,15.614677996150888,21.373773417818025,18.49422570698446
50,PCM-0223612,CN1CCN(c2ccc(NC(=O)CN3Cc4ccc(Cl)cc4C(C(=O)Nc4cncc5ccccc45)C3)cc2F)CC1,8.4,0.2,91.6,40.86031149503941,40.192112480472254,40.52621198775583
51,PCM-0223611,O=C(CN1Cc2ccc(Cl)cc2C(C(=O)Nc2cncc3ccccc23)C1)Nc1ccnc(Br)c1,78.7,1.0,21.3,28.936721284444165,28.951796851224262,28.944259067834214
52,PCM-0223610,O=C(Nc1cncc2ccccc12)C1CN(CC(=O)N2CCc3ccccc3C2c2ccccc2)Cc2ccc(Cl)cc21,66.8,2.0,33.2,19.316597428102185,30.997917745505383,25.157257586803784
53,PCM-0223609,O=C(CN1Cc2ccc(Cl)cc2C(C(=O)Nc2cncc3ccccc23)C1)Nc1n[nH]c2ccc(Br)cc12,75.8,1.9,24.200000000000003,16.31054400571964,25.43513393935307,20.872838972536357
54,PCM-0223608,O=C(CN1Cc2ccc(Cl)cc2C(C(=O)Nc2cncc3ccccc23)C1)Nc1c(Br)cncc1[N+](=O)[O-],81.1,0.8,18.90000000000001,11.10892262474247,18.96541732406187,15.037169974402172
55,PCM-0223607,CCc1ccc([N+](=O)[O-])cc1NC(=O)CN1Cc2ccc(Cl)cc2C(C(=O)Nc2cncc3ccccc23)C1,78.5,0.4,21.5,37.70955682834769,39.67424062025079,38.69189872429924
56,PCM-0223606,CCCc1nn(C)c(C(=O)NC(=O)CN2Cc3ccc(Cl)cc3C(C(=O)Nc3cncc4ccccc34)C2)c1N,19.8,0.4,80.2,5.279662113177925,15.814922874781846,10.547292493979883
57,PCM-0223605,CC(C)c1cccc(C(C)C)c1NC(=O)CN1Cc2ccc(Cl)cc2C(C(=O)Nc2cncc3ccccc23)C1,38.5,0.4,61.5,43.34479205530962,42.97584982702661,43.16032094116811
58,PCM-0223604,Cc1cc(Br)cc(C)c1NC(=O)CN1Cc2ccc(Cl)cc2C(C(=O)Nc2cncc3ccccc23)C1,69.5,0.6,30.5,33.21519867168371,34.7650325649824,33.99011561833305
59,PCM-0223603,Cc1ccc2ccccc2c1NC(=O)CN1Cc2ccc(Cl)cc2C(C(=O)Nc2cncc3ccccc23)C1,41.1,0.1,58.9,41.12878059520857,40.00316420608955,40.56597240064906
60,PCM-0223602,Cc1ncc(CO)c(CNC(=O)CN2Cc3ccc(Cl)cc3C(C(=O)Nc3cncc4ccccc34)C2)c1O,46.0,0.1,54.0,13.500639864797025,24.00706921206557,18.7538545384313
61,PCM-0223601,O=C(CN1Cc2ccc(Cl)cc2C(C(=O)Nc2cncc3ccccc23)C1)Nc1ccc(F)cc1I,75.3,0.6,24.700000000000003,13.343103017024356,22.82296811966013,18.083035568342243
62,PCM-0223600,O=C(CN1Cc2ccc(Cl)cc2C(C(=O)Nc2cncc3ccccc23)C1)NCc1ccc(F)c(Cl)c1,17.6,0.1,82.4,70.5392033319517,62.27308461558407,66.40614397376788
63,PCM-0223599,COc1cccc(CNC(=O)CN2Cc3ccc(Cl)cc3C(C(=O)Nc3cncc4ccccc34)C2)c1OC,33.6,11.1,66.4,67.49135243223176,65.61255807268539,66.55195525245858
64,PCM-0223598,O=C(CN1Cc2ccc(Cl)cc2C(C(=O)Nc2cncc3ccccc23)C1)NCCc1ccccc1C(F)(F)F,17.9,0.0,82.1,53.04079727612749,53.597554631411406,53.319175953769445
65,PCM-0223597,CN1CCN(c2ccccc2NC(=O)CN2Cc3ccc(Cl)cc3C(C(=O)Nc3cncc4ccccc34)C2)CC1,75.5,1.0,24.5,59.28265248418601,54.35352641178151,56.81808944798376
66,PCM-0223596,O=C(CN1Cc2ccc(Cl)cc2C(C(=O)Nc2cncc3ccccc23)C1)Nc1ccc([N+](=O)[O-])c2ccccc12,77.6,0.9,22.40000000000001,17.254802956993636,28.36136676931206,22.80808486315285
67,PCM-0223595,C[C@H]1CN(C(=O)CN2Cc3ccc(Cl)cc3C(C(=O)Nc3cncc4ccccc34)C2)CCN1C(=O)OC(C)(C)C,67.8,0.5,32.2,32.00542160327275,32.8282942366276,32.416857919950175
68,PCM-0223594,O=C(CN1Cc2ccc(Cl)cc2C(C(=O)Nc2cncc3ccccc23)C1)Nc1ccc(F)c(Br)c1,61.5,0.7,38.5,13.720150603110373,21.64999744655514,17.68507402483276
69,PCM-0223593,O=C(CN1Cc2ccc(Cl)cc2C(C(=O)Nc2cncc3ccccc23)C1)Nc1cnc(Cl)c(Br)c1,81.5,0.6,18.5,14.656091362069263,21.64520376060477,18.150647561337017
70,PCM-0223592,CC(C)(C)c1csc(NC(=O)CN2Cc3ccc(Cl)cc3C(C(=O)Nc3cncc4ccccc34)C2)n1,80.9,0.2,19.099999999999994,29.732601645660257,35.46220378480537,32.59740271523281
71,PCM-0223591,O=C(CN1Cc2ccc(Cl)cc2C(C(=O)Nc2cncc3ccccc23)C1)NC12CC3CC(CC(O)(C3)C1)C2,3.6,0.0,96.4,37.22307036618648,40.25457820770158,38.73882428694402
72,PCM-0223590,O=C(Nc1cncc2ccccc12)C1CN(CC(=O)N2CCC(c3nc4ccccc4[nH]3)CC2)Cc2ccc(Cl)cc21,23.9,0.1,76.1,20.76079283313844,29.799284798459965,25.2800388157992
73,PCM-0223589,Cc1ccc(NC(=O)CN2Cc3ccc(Cl)cc3C(C(=O)Nc3cncc4ccccc34)C2)cc1I,64.4,0.0,35.599999999999994,31.26721412705401,35.43725365703468,33.352233892044346
74,PCM-0223588,O=C(CN1Cc2ccc(Cl)cc2C(C(=O)Nc2cncc3ccccc23)C1)Nc1ncc(F)cc1Br,86.5,0.1,13.5,20.03896828721236,25.308835334445657,22.67390181082901
75,PCM-0223587,COc1nc(Br)cnc1NC(=O)CN1Cc2ccc(Cl)cc2C(C(=O)Nc2cncc3ccccc23)C1,84.9,2.3,15.099999999999994,13.99808557942638,23.220532933667712,18.609309256547046
76,PCM-0223586,O=C(CN1Cc2ccc(Cl)cc2C(C(=O)Nc2cncc3ccccc23)C1)Nc1ncnc2c1ncn2CCO,84.0,0.9,16.0,6.478475535730891,15.268778942167389,10.87362723894914
77,PCM-0223585,CN(Cc1cccc2ccccc12)C(=O)CN1Cc2ccc(Cl)cc2C(C(=O)Nc2cncc3ccccc23)C1,41.3,3.9,58.7,53.76068398602594,57.59100652408056,55.67584525505325
78,PCM-0223584,O=C(CN1Cc2ccc(Cl)cc2C(C(=O)Nc2cncc3ccccc23)C1)Nc1ccc(Cl)nc1Cl,83.9,0.9,16.099999999999994,26.575403309624328,27.538123556762148,27.05676343319324
79,PCM-0223583,N#Cc1cnn(-c2ccccn2)c1NC(=O)CN1Cc2ccc(Cl)cc2C(C(=O)Nc2cncc3ccccc23)C1,84.0,0.3,16.0,5.00089945821646,14.84036376499719,9.920631611606824
80,PCM-0223582,O=C(CN1Cc2ccc(Cl)cc2C(C(=O)Nc2cncc3ccccc23)C1)Nc1ccc([N+](=O)[O-])cc1,83.6,0.6,16.400000000000006,61.63392256889459,48.743634027418686,55.18877829815664
81,PCM-0223581,Cc1n[nH]c(NC(=O)CN2Cc3ccc(Cl)cc3C(C(=O)Nc3cncc4ccccc34)C2)c1Br,63.3,0.7,36.7,29.037863198251188,33.16373610161461,31.1007996499329
82,PCM-0223580,O=C(Nc1cncc2ccccc12)C1CN(CC(=O)N2CCN(C(=O)C3CC3)CC2)Cc2ccc(Cl)cc21,64.5,0.2,35.5,40.17331044020335,42.87170057690489,41.52250550855412
83,PCM-0223579,O=C(CN1Cc2ccc(Cl)cc2C(C(=O)Nc2cncc3ccccc23)C1)N[C@@H](CO)Cc1ccccc1,26.2,0.1,73.8,75.619397474926,71.94914353294078,73.78427050393339
84,PCM-0223578,Cc1cc(Br)c(NC(=O)CN2Cc3ccc(Cl)cc3C(C(=O)Nc3cncc4ccccc34)C2)c([N+](=O)[O-])c1,84.5,0.5,15.5,10.24648674021332,17.53669238028755,13.891589560250436
85,PCM-0223577,Cc1nc(Cl)c(NC(=O)CN2Cc3ccc(Cl)cc3C(C(=O)Nc3cncc4ccccc34)C2)c(Cl)n1,83.6,0.4,16.400000000000006,24.762431472089087,29.050986433506463,26.90670895279777
86,PCM-0223576,O=C(CN1Cc2ccc(Cl)cc2C(C(=O)Nc2cncc3ccccc23)C1)Nc1c(F)cc(Br)cc1F,83.8,0.2,16.200000000000003,30.77060238047627,32.658866930917554,31.714734655696912
87,PCM-0223575,O=C(CN1Cc2ccc(Cl)cc2C(C(=O)Nc2cncc3ccccc23)C1)Nc1ccc(-c2ccccc2)cc1,71.5,1.6,28.5,44.31619039092886,38.88676597956944,41.60147818524915
88,PCM-0223574,N#Cc1ccc(NC(=O)CN2Cc3ccc(Cl)cc3C(C(=O)Nc3cncc4ccccc34)C2)c(I)c1,84.5,0.0,15.5,7.765679238418053,22.54450188752648,15.155090562972266
89,PCM-0223573,COc1cc(Cl)c(C)cc1NC(=O)CN1Cc2ccc(Cl)cc2C(C(=O)Nc2cncc3ccccc23)C1,85.9,1.4,14.099999999999994,19.116686443575087,27.053162518727103,23.08492448115109
90,PCM-0223572,CC(C)(C)c1ccc(O)c(NC(=O)CN2Cc3ccc(Cl)cc3C(C(=O)Nc3cncc4ccccc34)C2)c1,68.8,1.0,31.200000000000003,52.68540111468008,51.44910842709487,52.06725477088747
91,PCM-0223571,O=C(CN1Cc2ccc(Cl)cc2C(C(=O)Nc2cncc3ccccc23)C1)Nc1cccc(-c2ccccc2)c1,80.0,2.2,20.0,34.34407553636086,35.994461494434496,35.169268515397675
92,PCM-0223570,O=C(CN1Cc2ccc(Cl)cc2C(C(=O)Nc2cncc3ccccc23)C1)Nc1ccc(F)cc1Br,83.1,0.3,16.900000000000006,50.12570279842805,43.053489939367616,46.58959636889783
93,PCM-0223569,O=C(Nc1cncc2ccccc12)C1CN(CC(=O)N2CCN(Cc3cccc(F)c3)CC2)Cc2ccc(Cl)cc21,66.4,0.0,33.599999999999994,50.292129161522965,50.5831822681924,50.43765571485768
94,PCM-0223568,O=C(CN1Cc2ccc(Cl)cc2C(C(=O)Nc2cncc3ccccc23)C1)NCC(O)c1ccc(O)cc1,15.9,0.1,84.1,68.19381706334869,66.62043576680178,67.40712641507523
95,PCM-0223567,O=C(Nc1cncc2ccccc12)C1CN(CC(=O)N2CCn3c(nnc3C(F)(F)F)C2)Cc2ccc(Cl)cc21,64.5,0.1,35.5,7.076861400644595,17.91677048816881,12.496815944406704
96,PCM-0223566,O=C(CN1Cc2ccc(Cl)cc2C(C(=O)Nc2cncc3ccccc23)C1)Nc1cc(Cl)c(O)c(Cl)c1,44.7,1.3,55.3,44.14716640702382,40.88698875617471,42.51707758159927
97,PCM-0223565,CN(Cc1cccc([N+](=O)[O-])c1)C(=O)CN1Cc2ccc(Cl)cc2C(C(=O)Nc2cncc3ccccc23)C1,61.9,1.3,38.1,35.11645628181979,37.363936051542325,36.24019616668106
98,PCM-0223564,O=C(CN1Cc2ccc(Cl)cc2C(C(=O)Nc2cncc3ccccc23)C1)Nc1ncc(Br)c(C(F)(F)F)n1,87.4,2.2,12.599999999999994,16.515571156518224,25.34681311020236,20.93119213336029
99,PCM-0223563,O=C(Nc1cncc2ccccc12)C1CN(CC(=O)N2CCOCC2)Cc2ccc(Cl)cc21,51.8,0.5,48.2,67.4050516568678,60.90217551893597,64.15361358790189
100,PCM-0223562,CC(C)(C)N(Cc1ccccc1)C(=O)CN1Cc2ccc(Cl)cc2C(C(=O)Nc2cncc3ccccc23)C1,84.5,0.5,15.5,59.51762244258011,63.89960888958098,61.70861566608055
101,PCM-0223561,O=C(CN1Cc2ccc(Cl)cc2C(C(=O)Nc2cncc3ccccc23)C1)NCCc1ccc(Cl)c(Cl)c1,12.4,1.8,87.6,63.74253897360316,60.93447962679852,62.33850930020084
102,PCM-0223560,CCOC(=O)C1CCCN(C(=O)CN2Cc3ccc(Cl)cc3C(C(=O)Nc3cncc4ccccc34)C2)C1,33.7,0.3,66.3,28.998549936200007,36.57826667800815,32.78840830710408
103,PCM-0223559,O=C(CN1Cc2ccc(Cl)cc2C(C(=O)Nc2cncc3ccccc23)C1)Nc1ccccc1-c1nc2ccccc2[nH]1,84.7,0.3,15.299999999999995,17.68743295040683,25.60936317462214,21.648398062514485
104,PCM-0223558,Cc1c(Br)cnc(NC(=O)CN2Cc3ccc(Cl)cc3C(C(=O)Nc3cncc4ccccc34)C2)c1[N+](=O)[O-],71.1,0.6,28.90000000000001,6.893556861577606,14.316277811941426,10.604917336759517
105,PCM-0223557,O=C(CN1Cc2ccc(Cl)cc2C(C(=O)Nc2cncc3ccccc23)C1)Nc1cccc(F)c1[N+](=O)[O-],87.7,0.1,12.299999999999995,18.345637238919743,22.178537097856463,20.262087168388103
106,PCM-0223556,O=C(CN1Cc2ccc(Cl)cc2C(C(=O)Nc2cncc3ccccc23)C1)Nc1nnc(-c2ccncc2)s1,63.7,0.1,36.3,17.2999316591778,26.103958443674216,21.70194505142601
107,PCM-0223555,O=C(CN1Cc2ccc(Cl)cc2C(C(=O)Nc2cncc3ccccc23)C1)Nc1cc(Cl)ccc1OC(F)(F)F,87.8,0.1,12.200000000000005,25.148773486307416,29.99662269223256,27.572698089269984
108,PCM-0223554,O=C(CN1Cc2ccc(Cl)cc2C(C(=O)Nc2cncc3ccccc23)C1)Nc1c(F)cccc1Br,22.9,0.0,77.1,17.056608218657676,19.63089975732741,18.343753987992542
109,PCM-0223553,O=C(CN1Cc2ccc(Cl)cc2C(C(=O)Nc2cncc3ccccc23)C1)NCc1ccc(-c2ccccc2)cc1,54.4,10.6,45.6,51.33241731890131,60.41040558481824,55.87141145185977
110,PCM-0223552,COc1ccc(NC(=O)CN2Cc3ccc(Cl)cc3C(C(=O)Nc3cncc4ccccc34)C2)c([N+](=O)[O-])c1,80.6,0.4,19.40000000000001,20.71205277764417,24.729078801843286,22.72056578974373
111,PCM-0223551,O=C(CN1Cc2ccc(Cl)cc2C(C(=O)Nc2cncc3ccccc23)C1)NCCc1ccc(Cl)cc1Cl,15.3,0.0,84.7,62.09354804576386,59.42749871907123,60.760523382417546
112,PCM-0223550,COc1cc2c(cc1OC)CN(C(=O)CN1Cc3ccc(Cl)cc3C(C(=O)Nc3cncc4ccccc34)C1)CC2,72.4,0.2,27.599999999999994,30.77064941055894,40.85856402315404,35.81460671685649
113,PCM-0223549,Cc1cc(=O)oc2cc(NC(=O)CN3Cc4ccc(Cl)cc4C(C(=O)Nc4cncc5ccccc45)C3)ccc12,68.7,1.7,31.3,13.96266579801967,23.310974851003145,18.636820324511408
114,PCM-0223548,O=C(CN1Cc2ccc(Cl)cc2C(C(=O)Nc2cncc3ccccc23)C1)Nc1cc(Cl)cc(Cl)c1O,31.2,0.3,68.8,43.03888734373187,37.82542124232677,40.43215429302932
115,PCM-0223547,Cc1ccc(NC(=O)CN2Cc3ccc(Cl)cc3C(C(=O)Nc3cncc4ccccc34)C2)cc1Br,50.3,0.3,49.7,28.044657469711964,31.18836991753836,29.61651369362516
116,PCM-0223546,O=C(Nc1cncc2ccccc12)C1CN(CC(=O)N2CCC(C(F)(F)F)CC2)Cc2ccc(Cl)cc21,44.1,0.9,55.9,41.03526281456264,43.92067792923464,42.47797037189864
117,PCM-0223545,Cc1c(Br)cccc1NC(=O)CN1Cc2ccc(Cl)cc2C(C(=O)Nc2cncc3ccccc23)C1,58.9,0.5,41.1,40.13796405512494,37.557577358376186,38.847770706750566
118,PCM-0223544,O=C(CN1Cc2ccc(Cl)cc2C(C(=O)Nc2cncc3ccccc23)C1)Nc1ccccc1,9.9,0.1,90.1,45.52996698270204,44.01479755826837,44.77238227048521
119,PCM-0223543,O=C(CN1Cc2ccc(Cl)cc2C(C(=O)Nc2cncc3ccccc23)C1)NCc1c(Cl)cccc1Cl,66.2,23.6,33.8,73.09454052997683,70.81475127961005,71.95464590479344
120,PCM-0223542,O=C(CN1Cc2ccc(Cl)cc2C(C(=O)Nc2cncc3ccccc23)C1)Nc1cccc(I)c1,63.2,0.3,36.8,43.42308637064786,41.35791001071637,42.39049819068211
121,PCM-0223541,O=C(Nc1cncc2ccccc12)C1CN(CC(=O)N2CC=C(c3ccccc3)CC2)Cc2ccc(Cl)cc21,69.7,1.6,30.3,34.593084276490515,43.29600058944299,38.94454243296676
122,PCM-0223540,O=C(CN1Cc2ccc(Cl)cc2C(C(=O)Nc2cncc3ccccc23)C1)Nc1ccc(Br)c2ccccc12,78.2,0.6,21.8,21.110880383494163,28.71841693131956,24.914648657406858
123,PCM-0223539,O=C(CN1Cc2ccc(Cl)cc2C(C(=O)Nc2cncc3ccccc23)C1)Nc1ccc(Br)c(C(F)(F)F)c1,80.1,0.6,19.90000000000001,18.36947235637998,22.788582415005568,20.579027385692772
124,PCM-0223538,N#Cc1cc(F)c(NC(=O)CN2Cc3ccc(Cl)cc3C(C(=O)Nc3cncc4ccccc34)C2)cc1F,73.4,0.3,26.599999999999994,28.7849489673486,31.96413982957367,30.374544398461136
125,PCM-0223537,COc1cc(CNC(=O)CN2Cc3ccc(Cl)cc3C(C(=O)Nc3cncc4ccccc34)C2)ccc1O,5.6,0.2,94.4,89.33072819701488,81.46061737876369,85.39567278788928
126,PCM-0223536,COc1cc2nc(Cl)nc(NC(=O)CN3Cc4ccc(Cl)cc4C(C(=O)Nc4cncc5ccccc45)C3)c2cc1OC,79.0,1.0,21.0,7.157777790283261,17.216215014673853,12.186996402478558
127,PCM-0223535,O=C(Nc1cncc2ccccc12)C1CN(CC(=O)N2CCN(c3ccccc3O)CC2)Cc2ccc(Cl)cc21,20.5,0.4,79.5,30.99514031288114,34.35765299892644,32.67639665590379
128,PCM-0223534,CCN(Cc1ccc(F)cc1)C(=O)CN1Cc2ccc(Cl)cc2C(C(=O)Nc2cncc3ccccc23)C1,39.2,0.7,60.8,47.54765660190851,52.43354291588509,49.9905997588968
129,PCM-0223533,O=C(CN1Cc2ccc(Cl)cc2C(C(=O)Nc2cncc3ccccc23)C1)Nc1cccc(Br)c1,59.7,0.7,40.3,53.05387623838615,46.56457127265812,49.80922375552214
130,PCM-0223532,Cc1cc(Br)c(Cl)cc1NC(=O)CN1Cc2ccc(Cl)cc2C(C(=O)Nc2cncc3ccccc23)C1,82.4,0.8,17.599999999999994,19.651282729751,23.289924291486702,21.47060351061885
131,PCM-0223531,N#Cc1cc(Cl)ccc1NC(=O)CN1Cc2ccc(Cl)cc2C(C(=O)Nc2cncc3ccccc23)C1,82.6,0.3,17.400000000000006,31.394451423504663,32.06025554784924,31.72735348567695
132,PCM-0223530,O=C(CN1Cc2ccc(Cl)cc2C(C(=O)Nc2cncc3ccccc23)C1)Nc1cc(C(F)(F)F)ccc1N1CCCC1,75.2,0.2,24.8,15.67592619833539,25.873012587479604,20.7744693929075
133,PCM-0223529,O=C(CN1Cc2ccc(Cl)cc2C(C(=O)Nc2cncc3ccccc23)C1)Nc1ccc2ccccc2c1O,27.5,1.6,72.5,47.08999625083791,44.582370846903984,45.83618354887095
134,PCM-0223528,O=C(CN1Cc2ccc(Cl)cc2C(C(=O)Nc2cncc3ccccc23)C1)Nc1ccc(-n2ccnc2)cc1,19.4,0.3,80.6,63.536503537628725,54.72490025235248,59.1307018949906
135,PCM-0223527,CN(Cc1ccccc1Br)C(=O)CN1Cc2ccc(Cl)cc2C(C(=O)Nc2cncc3ccccc23)C1,59.5,4.9,40.5,54.67095721625025,60.1289474865361,57.399952351393175
136,PCM-0223526,O=C(CN1Cc2ccc(Cl)cc2C(C(=O)Nc2cncc3ccccc23)C1)Nc1c(Cl)cncc1Cl,83.1,0.1,16.900000000000006,32.46938117049205,29.601535428835824,31.035458299663937
137,PCM-0223525,O=C(CN1Cc2ccc(Cl)cc2C(C(=O)Nc2cncc3ccccc23)C1)NCc1ccccc1,9.5,0.4,90.5,104.06905551284676,91.92990433482862,97.9994799238377
138,PCM-0223524,CCOc1ccc(CNC(=O)CN2Cc3ccc(Cl)cc3C(C(=O)Nc3cncc4ccccc34)C2)cc1,15.8,0.1,84.2,83.23713746314581,81.58750522748014,82.41232134531298
139,PCM-0223523,COc1cc(CNC(=O)CN2Cc3ccc(Cl)cc3C(C(=O)Nc3cncc4ccccc34)C2)cc(OC)c1,9.5,0.1,90.5,73.13027687383288,72.73939802760086,72.93483745071687
140,PCM-0223522,C[C@H]1CN(C(=O)OC(C)(C)C)CCN1C(=O)CN1Cc2ccc(Cl)cc2C(C(=O)Nc2cncc3ccccc23)C1,64.6,0.1,35.400000000000006,28.96823153545472,31.421955672968423,30.19509360421157
141,PCM-0223521,O=C(CN1Cc2ccc(Cl)cc2C(C(=O)Nc2cncc3ccccc23)C1)NC1CCN(Cc2ccccc2)CC1,23.8,0.1,76.2,50.4980055547152,50.96782591825677,50.73291573648599
142,PCM-0223520,Cc1cnc(NC(=O)CN2Cc3ccc(Cl)cc3C(C(=O)Nc3cncc4ccccc34)C2)c([N+](=O)[O-])c1,81.7,0.3,18.3,17.97146190279567,23.28794268059334,20.629702291694507
143,PCM-0223519,NC(=O)c1ccc(Cl)c(NC(=O)CN2Cc3ccc(Cl)cc3C(C(=O)Nc3cncc4ccccc34)C2)c1,40.8,0.6,59.2,33.2057583924467,34.707560466282125,33.95665942936441
144,PCM-0223518,O=C(CN1Cc2ccc(Cl)cc2C(C(=O)Nc2cncc3ccccc23)C1)Nc1ncccc1OCc1ccccc1,78.9,0.2,21.099999999999994,22.67599892999318,29.384611866019792,26.030305398006487
145,PCM-0223517,Cc1cc(NC(=O)CN2Cc3ccc(Cl)cc3C(C(=O)Nc3cncc4ccccc34)C2)cc(C)c1Br,85.9,2.1,14.099999999999994,36.96388047600559,35.429390645229674,36.19663556061764
146,PCM-0223516,O=C(CN1Cc2ccc(Cl)cc2C(C(=O)Nc2cncc3ccccc23)C1)Nc1ccc([N+](=O)[O-])cc1C(F)(F)F,83.0,1.2,17.0,11.275107252165885,18.109946634983544,14.692526943574714
147,PCM-0223515,COc1ncc(NC(=O)CN2Cc3ccc(Cl)cc3C(C(=O)Nc3cncc4ccccc34)C2)cc1Br,54.8,1.0,45.2,16.1168778642096,22.013993848981706,19.06543585659565
148,PCM-0223514,O=C(CN1Cc2ccc(Cl)cc2C(C(=O)Nc2cncc3ccccc23)C1)Nc1cnc(Br)cn1,86.5,1.5,13.5,37.21194855181809,33.981425776793266,35.59668716430568
149,PCM-0223513,N#Cc1cnn(-c2ccc([N+](=O)[O-])cc2)c1NC(=O)CN1Cc2ccc(Cl)cc2C(C(=O)Nc2cncc3ccccc23)C1,83.5,1.2,16.5,12.63965864985665,21.92398094278775,17.2818197963222
150,PCM-0223512,O=C(CN1Cc2ccc(Cl)cc2C(C(=O)Nc2cncc3ccccc23)C1)Nc1ncccc1C(F)(F)F,85.0,0.3,15.0,48.84195599129058,43.13853071898904,45.99024335513981
151,PCM-0223511,Cc1cccc(C)c1NC(=O)CN1CCN(C(=O)CN2Cc3ccc(Cl)cc3C(C(=O)Nc3cncc4ccccc34)C2)CC1,65.5,12.1,34.5,28.479241747212825,35.603237513026045,32.041239630119435
152,PCM-0223510,Cc1cc(NC(=O)CN2Cc3ccc(Cl)cc3C(C(=O)Nc3cncc4ccccc34)C2)cnc1Br,82.2,0.6,17.799999999999997,26.9279665243716,28.50088326513525,27.714424894753428
153,PCM-0223509,O=C(CN1Cc2ccc(Cl)cc2C(C(=O)Nc2cncc3ccccc23)C1)Nc1cccc(C(F)(F)F)n1,83.8,0.7,16.200000000000003,26.44685091818358,28.88194774055841,27.664399329370998
154,PCM-0223508,CC(C)(C)c1cc(NC(=O)CN2Cc3ccc(Cl)cc3C(C(=O)Nc3cncc4ccccc34)C2)n(-c2ccccc2)n1,84.5,1.4,15.5,12.102897650681651,22.96594244130777,17.53442004599471
155,PCM-0223507,COc1cc(NC(=O)CN2Cc3ccc(Cl)cc3C(C(=O)Nc3cncc4ccccc34)C2)ccc1Br,67.1,0.9,32.900000000000006,20.42284510854571,28.639524961529805,24.53118503503776
156,PCM-0223506,O=C(CN1Cc2ccc(Cl)cc2C(C(=O)Nc2cncc3ccccc23)C1)Nc1ccc(-n2cccn2)cc1,19.7,0.3,80.3,31.81916769269893,35.24345529099996,33.53131149184944
157,PCM-0223505,O=C(CN1Cc2ccc(Cl)cc2C(C(=O)Nc2cncc3ccccc23)C1)Nc1ccc2c(c1)OC(F)(F)O2,62.0,0.7,38.0,27.66764121231997,33.31431075358771,30.49097598295384
158,PCM-0223504,C[C@H](NC(=O)CN1Cc2ccc(Cl)cc2C(C(=O)Nc2cncc3ccccc23)C1)c1ccc([N+](=O)[O-])cc1,18.7,0.1,81.3,74.86980053193824,66.72508135749166,70.79744094471495
159,PCM-0223503,COc1ccc(CNC(=O)CN2Cc3ccc(Cl)cc3C(C(=O)Nc3cncc4ccccc34)C2)c(OC)c1,19.1,0.0,80.9,66.74357548694455,66.40511976809033,66.57434762751744
160,PCM-0223502,O=C(CN1Cc2ccc(Cl)cc2C(C(=O)Nc2cncc3ccccc23)C1)Nc1ccccc1I,81.6,0.6,18.40000000000001,44.51501535821847,41.781818898010975,43.14841712811472
161,PCM-0223501,O=C(Nc1cncc2ccccc12)C1CN(CC(=O)N2CCC(Oc3ccccc3)CC2)Cc2ccc(Cl)cc21,71.5,3.5,28.5,49.8812234694628,52.7100872492203,51.29565535934155
162,PCM-0223500,O=C(CN1Cc2ccc(Cl)cc2C(C(=O)Nc2cncc3ccccc23)C1)Nc1cc(Cl)cnc1Br,81.9,3.4,18.099999999999994,9.039605201232431,16.57143138148518,12.805518291358805
163,PCM-0223499,O=C(CN1Cc2ccc(Cl)cc2C(C(=O)Nc2cncc3ccccc23)C1)Nc1ccc(OC(F)(F)F)cc1Cl,85.2,0.3,14.799999999999995,30.655964526861226,32.09131006208253,31.37363729447188
164,PCM-0223498,O=C(CN1Cc2ccc(Cl)cc2C(C(=O)Nc2cncc3ccccc23)C1)Nc1ccc(I)cc1F,68.3,0.3,31.700000000000003,37.23682990129167,32.29618319289316,34.76650654709242
165,PCM-0223497,O=C(CN1Cc2ccc(Cl)cc2C(C(=O)Nc2cncc3ccccc23)C1)Nc1nc(-c2ccc(Cl)c(Cl)c2)cs1,24.6,0.0,75.4,14.206392715040495,21.25639598723937,17.731394351139933
166,PCM-0223496,O=C(Nc1cncc2ccccc12)C1CN(CC(=O)N2CCN(c3cccc([N+](=O)[O-])c3)CC2)Cc2ccc(Cl)cc21,77.0,7.2,23.0,29.57727558198566,34.91943631170838,32.24835594684702
167,PCM-0223495,O=C(CN1Cc2ccc(Cl)cc2C(C(=O)Nc2cncc3ccccc23)C1)Nc1ccc(Oc2ccccc2Cl)cc1,88.0,0.4,12.0,25.0015403838004,30.140941710899515,27.57124104734996
168,PCM-0223494,O=C(Nc1cncc2ccccc12)C1CN(CC(=O)N2CCc3c([nH]c4ccccc34)C2)Cc2ccc(Cl)cc21,72.1,0.9,27.90000000000001,15.43845155368152,25.86957422845891,20.654012891070217
169,PCM-0223493,COc1cc(NC(=O)CN2Cc3ccc(Cl)cc3C(C(=O)Nc3cncc4ccccc34)C2)nc(OC)n1,84.3,0.7,15.700000000000005,18.4378955731854,25.665273200465585,22.05158438682549
170,PCM-0223492,Cc1ccc([N+](=O)[O-])c(NC(=O)CN2Cc3ccc(Cl)cc3C(C(=O)Nc3cncc4ccccc34)C2)c1,84.6,0.7,15.400000000000006,33.764710500149164,31.511698365088968,32.63820443261906
171,PCM-0223491,O=C(CN1Cc2ccc(Cl)cc2C(C(=O)Nc2cncc3ccccc23)C1)Nc1cccnc1Br,85.7,0.8,14.299999999999995,27.2612981391682,26.45905070945406,26.860174424311133
172,PCM-0223490,CC(=O)N(C(=O)CN1Cc2ccc(Cl)cc2C(C(=O)Nc2cncc3ccccc23)C1)c1ccc(N)c(C(F)(F)F)c1,84.8,0.6,15.200000000000005,27.071989433463447,33.6016137669749,30.33680160021917
173,PCM-0223489,O=C(CN1Cc2ccc(Cl)cc2C(C(=O)Nc2cncc3ccccc23)C1)Nc1cc(Cl)c(F)cc1F,81.6,0.2,18.40000000000001,17.903522499548043,21.458252257846965,19.680887378697506
175,PCM-0223487,COc1ccc([C@H](C)NC(=O)CN2Cc3ccc(Cl)cc3C(C(=O)Nc3cncc4ccccc34)C2)cc1,23.6,0.1,76.4,85.78322235303531,82.8637918494186,84.32350710122697
176,PCM-0223486,O=C(CN1Cc2ccc(Cl)cc2C(C(=O)Nc2cncc3ccccc23)C1)Nc1cc(C(F)(F)F)ccn1,79.8,0.1,20.200000000000003,32.160542115027894,31.09205433096937,31.62629822299863
177,PCM-0223485,O=C(CN1Cc2ccc(Cl)cc2C(C(=O)Nc2cncc3ccccc23)C1)NCc1cccc(F)c1Cl,35.1,0.2,64.9,46.37283509434374,50.30533740577364,48.33908625005869
178,PCM-0223484,O=C(CN1Cc2ccc(Cl)cc2C(C(=O)Nc2cncc3ccccc23)C1)NCc1cc(F)ccc1Br,16.6,2.5,83.4,62.49529426175814,58.82652635721757,60.66091030948785
179,PCM-0223483,CCc1cc(Br)ccc1NC(=O)CN1Cc2ccc(Cl)cc2C(C(=O)Nc2cncc3ccccc23)C1,47.4,0.3,52.6,39.032427791058126,39.58986716303032,39.31114747704422
180,PCM-0223482,O=C(CN1Cc2ccc(Cl)cc2C(C(=O)Nc2cncc3ccccc23)C1)Nc1ccc(Br)c([N+](=O)[O-])c1,83.4,0.6,16.599999999999994,12.292493492346518,21.423310782650443,16.85790213749848
181,PCM-0223481,N#Cc1cc(Cl)c(NC(=O)CN2Cc3ccc(Cl)cc3C(C(=O)Nc3cncc4ccccc34)C2)c(Cl)c1,74.4,0.1,25.599999999999994,28.735029412384613,30.228468722019446,29.48174906720203
183,PCM-0223479,O=C(CN1Cc2ccc(Cl)cc2C(C(=O)Nc2cncc3ccccc23)C1)Nc1cc(F)c(Br)c(F)c1,85.2,0.8,14.799999999999995,31.61485337673667,30.091086761817028,30.85297006927685
184,PCM-0223478,COc1cc(NC(=O)CN2Cc3ccc(Cl)cc3C(C(=O)Nc3cncc4ccccc34)C2)c(Cl)cc1Cl,77.4,1.4,22.599999999999994,20.36806357605617,25.29661896597557,22.83234127101587
185,PCM-0223477,CCS(=O)(=O)N1CCN(C(=O)CN2Cc3ccc(Cl)cc3C(C(=O)Nc3cncc4ccccc34)C2)CC1,73.0,0.5,27.0,28.5947029245731,35.32349281408235,31.959097869327724
186,PCM-0223476,O=C(CN1Cc2ccc(Cl)cc2C(C(=O)Nc2cncc3ccccc23)C1)Nc1ccc(Br)cc1O,47.0,0.5,53.0,49.2307646851289,43.60071561080283,46.41574014796586
187,PCM-0223475,O=C(CN1Cc2ccc(Cl)cc2C(C(=O)Nc2cncc3ccccc23)C1)Nc1cccc(C(F)(F)F)c1F,82.0,2.0,18.0,21.80830833652993,26.31289213784284,24.060600237186385
188,PCM-0223474,O=C(CN1Cc2ccc(Cl)cc2C(C(=O)Nc2cncc3ccccc23)C1)Nc1n[nH]cc1Br,59.5,2.2,40.5,43.39106948447157,39.35020230163889,41.37063589305523
189,PCM-0223473,O=C(CN1Cc2ccc(Cl)cc2C(C(=O)Nc2cncc3ccccc23)C1)Nc1ncc(Br)nc1Cl,66.3,0.7,33.7,13.849558474839537,20.443808678173667,17.146683576506604
190,PCM-0223472,O=C(CN1Cc2ccc(Cl)cc2C(C(=O)Nc2cncc3ccccc23)C1)Nc1ccccc1-c1ccccc1,65.8,1.9,34.2,21.99022809296084,27.401333063141795,24.69578057805132
191,PCM-0223471,O=C(CN1Cc2ccc(Cl)cc2C(C(=O)Nc2cncc3ccccc23)C1)NCC(c1ccccc1)c1ccccc1,34.1,1.9,65.9,67.7351817545473,64.76534343168552,66.25026259311642
192,PCM-0223470,O=C(Nc1cncc2ccccc12)C1CN(CC(=O)N2CCN(c3ccc(Br)cn3)CC2)Cc2ccc(Cl)cc21,75.7,0.9,24.3,19.924736740720263,27.46518494730521,23.694960844012737
193,PCM-0223469,COc1ccc(NC(=O)CN2Cc3ccc(Cl)cc3C(C(=O)Nc3cncc4ccccc34)C2)cc1C(F)(F)F,43.5,1.1,56.5,25.63871189215275,30.97712779649314,28.307919844322942
194,PCM-0223468,O=C(CN1Cc2ccc(Cl)cc2C(C(=O)Nc2cncc3ccccc23)C1)NCc1ccc(Br)cc1F,18.7,0.7,81.3,63.91285539974331,59.293821475675344,61.603338437709326
195,PCM-0223467,CC(NC(=O)CN1Cc2ccc(Cl)cc2C(C(=O)Nc2cncc3ccccc23)C1)c1cccc2ccccc12,12.0,0.4,88.0,68.21926360053686,65.76206430458188,66.99066395255937
196,PCM-0223466,O=C(CN1Cc2ccc(Cl)cc2C(C(=O)Nc2cncc3ccccc23)C1)Nc1c(F)cc(F)cc1Cl,80.7,0.4,19.3,21.466050691462964,21.36418774082289,21.415119216142926
197,PCM-0223465,CN(C(=O)CN1Cc2ccc(Cl)cc2C(C(=O)Nc2cncc3ccccc23)C1)C1CCN(Cc2ccccc2)C1,35.1,0.1,64.9,39.73950807853704,43.549724282533866,41.64461618053545
199,PCM-0223463,O=C(CN1Cc2ccc(Cl)cc2C(C(=O)Nc2cncc3ccccc23)C1)Nc1cc(Cl)cc([N+](=O)[O-])c1O,81.0,0.9,19.0,20.552980384204574,24.57105387469228,22.562017129448428
200,PCM-0223462,N#Cc1ccc(Cl)c(NC(=O)CN2Cc3ccc(Cl)cc3C(C(=O)Nc3cncc4ccccc34)C2)c1,79.1,0.0,20.90000000000001,29.4432054260422,27.982376373794587,28.7127908999184
201,PCM-0223461,Cc1cc(NC(=O)CN2Cc3ccc(Cl)cc3C(C(=O)Nc3cncc4ccccc34)C2)c(Cl)cc1F,76.9,0.7,23.099999999999994,25.012291459875435,26.45122241712201,25.731756938498723
202,PCM-0223460,O=C(Nc1cncc2ccccc12)C1CN(CC(=O)N2CCN(c3ccccc3[N+](=O)[O-])CC2)Cc2ccc(Cl)cc21,67.5,0.4,32.5,10.377682091530383,21.057369750306822,15.717525920918604
203,PCM-0223459,O=C(CN1Cc2ccc(Cl)cc2C(C(=O)Nc2cncc3ccccc23)C1)Nc1cc(Cl)ccc1Br,80.2,3.0,19.8,19.662131351661564,22.788749362088588,21.22544035687508
204,PCM-0223458,CCOc1ccccc1CNC(=O)CN1Cc2ccc(Cl)cc2C(C(=O)Nc2cncc3ccccc23)C1,13.8,0.6,86.2,72.36975229924288,70.21998440557535,71.29486835240911
205,PCM-0223457,O=C(CN1Cc2ccc(Cl)cc2C(C(=O)Nc2cncc3ccccc23)C1)NCc1ccc([N+](=O)[O-])cc1,12.7,0.3,87.3,56.81462042017422,54.58998698569928,55.702303702936746
206,PCM-0223456,O=C(CN1Cc2ccc(Cl)cc2C(C(=O)Nc2cncc3ccccc23)C1)Nc1ccc(F)nc1Br,83.3,0.2,16.700000000000003,13.242134716180663,20.40191992749993,16.822027321840295
207,PCM-0223455,Cc1ccc(Cl)cc1N1CCN(C(=O)CN2Cc3ccc(Cl)cc3C(C(=O)Nc3cncc4ccccc34)C2)CC1,85.2,1.8,14.799999999999995,24.452518559287405,31.576131557670145,28.01432505847877
208,PCM-0223454,CN1CCN(C(=O)CN2Cc3ccc(Cl)cc3C(C(=O)Nc3cncc4ccccc34)C2)C(c2ccccc2)C1,28.3,0.4,71.7,36.174624527448266,45.53879913469719,40.85671183107273
209,PCM-0223453,O=C(CN1Cc2ccc(Cl)cc2C(C(=O)Nc2cncc3ccccc23)C1)Nc1ccc(I)c(F)c1,80.7,0.9,19.3,32.780594404977904,33.465891812549955,33.12324310876393
210,PCM-0223452,O=C(CN1Cc2ccc(Cl)cc2C(C(=O)Nc2cncc3ccccc23)C1)NCc1ccc(Br)cc1,11.7,0.0,88.3,85.44781892797299,85.05314579437704,85.25048236117502
211,PCM-0223451,O=C(Nc1cncc2ccccc12)C1CN(CC(=O)N2CCN(c3ncccn3)CC2)Cc2ccc(Cl)cc21,77.8,0.7,22.200000000000003,32.868429294970305,37.93806575555492,35.403247525262614
212,PCM-0223450,COc1ccc(-c2cc(NC(=O)CN3Cc4ccc(Cl)cc4C(C(=O)Nc4cncc5ccccc45)C3)[nH]n2)cc1,66.5,0.2,33.5,17.889895856239765,26.99532648579513,22.442611171017447
213,PCM-0223449,O=C(CN1Cc2ccc(Cl)cc2C(C(=O)Nc2cncc3ccccc23)C1)Nc1ccn([C@H]2C[C@H](O)[C@@H](CO)O2)c(=O)n1,77.8,1.6,22.200000000000003,2.763862776676981,11.711033391237534,7.237448083957258
214,PCM-0223448,Cc1cc(C)n(C(=O)CN2Cc3ccc(Cl)cc3C(C(=O)Nc3cncc4ccccc34)C2)c(=O)c1CN,83.2,0.4,16.799999999999997,20.06294252482331,29.72072362365052,24.891833074236917
215,PCM-0223447,CC(NC(=O)CN1Cc2ccc(Cl)cc2C(C(=O)Nc2cncc3ccccc23)C1)c1ccc(Br)cc1,5.2,0.1,94.8,86.35905709277932,80.66927019539366,83.5141636440865
216,PCM-0223446,O=C(CN1Cc2ccc(Cl)cc2C(C(=O)Nc2cncc3ccccc23)C1)Nc1ccc2c(c1)OCCO2,25.6,0.2,74.4,33.12443562793081,36.95949804077656,35.04196683435369
217,PCM-0223445,O=C(CN1Cc2ccc(Cl)cc2C(C(=O)Nc2cncc3ccccc23)C1)Nc1ccccc1Cc1ccccc1,31.3,0.1,68.7,43.586728574635934,40.00868118693829,41.79770488078711
218,PCM-0223444,O=C(CN1Cc2ccc(Cl)cc2C(C(=O)Nc2cncc3ccccc23)C1)Nc1ccc(OCc2ccccc2)cc1,60.8,7.5,39.2,51.94307176801885,49.5627874953842,50.75292963170152
219,PCM-0223443,O=C(CN1Cc2ccc(Cl)cc2C(C(=O)Nc2cncc3ccccc23)C1)Nc1ccc(O)cc1[N+](=O)[O-],72.2,4.4,27.8,24.555473379322613,25.901806041395588,25.2286397103591
220,PCM-0223442,O=C(CN1Cc2ccc(Cl)cc2C(C(=O)Nc2cncc3ccccc23)C1)Nc1cccc(Cl)c1Br,82.5,0.3,17.5,19.498440284643948,21.354053924025088,20.42624710433452
221,PCM-0223441,COc1cc(NC(=O)CN2Cc3ccc(Cl)cc3C(C(=O)Nc3cncc4ccccc34)C2)cc(OC)c1,82.9,0.3,17.099999999999994,53.50003443136028,49.09058905506703,51.29531174321365
222,PCM-0223440,O=C(CN1Cc2ccc(Cl)cc2C(C(=O)Nc2cncc3ccccc23)C1)Nc1ccc(SC(F)(F)F)cc1,58.8,0.2,41.2,41.69830275684704,38.504865769721405,40.101584263284224
223,PCM-0223439,O=C(CN1Cc2ccc(Cl)cc2C(C(=O)Nc2cncc3ccccc23)C1)Nc1ncc(Br)cc1O,53.6,1.3,46.4,21.382495930933985,24.65129390860979,23.01689491977189
224,PCM-0223438,Cc1cc(Br)cc(NC(=O)CN2Cc3ccc(Cl)cc3C(C(=O)Nc3cncc4ccccc34)C2)c1,72.5,1.1,27.5,30.60964712297964,32.10855104135703,31.35909908216833
225,PCM-0223437,COc1cc(Cl)nc(NC(=O)CN2Cc3ccc(Cl)cc3C(C(=O)Nc3cncc4ccccc34)C2)n1,82.1,2.5,17.900000000000006,19.24893270398849,25.261611563685967,22.25527213383723
226,PCM-0223436,COc1cc(Br)ccc1NC(=O)CN1Cc2ccc(Cl)cc2C(C(=O)Nc2cncc3ccccc23)C1,70.1,2.9,29.90000000000001,36.63824352447233,39.328589227488834,37.98341637598058
227,PCM-0223435,Cc1ccc2nc(NC(=O)CN3Cc4ccc(Cl)cc4C(C(=O)Nc4cncc5ccccc45)C3)sc2c1,82.2,2.5,17.799999999999997,23.19882068961251,29.40365778224207,26.30123923592729
228,PCM-0223434,Cc1cc(NC(=O)CN2Cc3ccc(Cl)cc3C(C(=O)Nc3cncc4ccccc34)C2)ncc1I,80.6,1.6,19.40000000000001,14.76783303613598,22.544915496618685,18.65637426637733
229,PCM-0223433,O=C(CN1Cc2ccc(Cl)cc2C(C(=O)Nc2cncc3ccccc23)C1)Nc1cccc(OC(F)(F)F)c1,74.5,3.1,25.5,43.17510465115608,42.29508301687187,42.73509383401398
230,PCM-0223432,COc1ncc(Br)cc1NC(=O)CN1Cc2ccc(Cl)cc2C(C(=O)Nc2cncc3ccccc23)C1,78.7,3.1,21.3,24.01844506548658,28.15250345600754,26.085474260747063
231,PCM-0223431,O=C(CN1Cc2ccc(Cl)cc2C(C(=O)Nc2cncc3ccccc23)C1)Nc1nc2[nH]cnc2c(=O)[nH]1,79.2,0.6,20.8,12.776352614836144,21.748889680566823,17.262621147701484
232,PCM-0223430,O=C(CN1Cc2ccc(Cl)cc2C(C(=O)Nc2cncc3ccccc23)C1)NCc1cc(F)c(F)c(F)c1,21.6,0.3,78.4,62.55950159885485,60.12563353634405,61.342567567599446
233,PCM-0223429,O=C(CN1Cc2ccc(Cl)cc2C(C(=O)Nc2cncc3ccccc23)C1)Nc1cc(Cl)c(Br)cn1,83.6,1.4,16.400000000000006,21.296921779974536,24.06953562535542,22.683228702664977
234,PCM-0223428,CN(Cc1ccc(Cl)cc1)C(=O)CN1Cc2ccc(Cl)cc2C(C(=O)Nc2cncc3ccccc23)C1,58.6,1.6,41.4,54.71481963150915,58.08047153837896,56.39764558494406
235,PCM-0223427,O=C(CN1Cc2ccc(Cl)cc2C(C(=O)Nc2cncc3ccccc23)C1)NCc1ccccc1Br,20.2,0.5,79.8,76.28612854159319,71.55434273297358,73.92023563728338
236,PCM-0223426,Cc1cc(NC(=O)CN2Cc3ccc(Cl)cc3C(C(=O)Nc3cncc4ccccc34)C2)c(F)cc1Br,77.3,0.5,22.700000000000003,26.32457889459493,28.51418788221321,27.41938338840407
237,PCM-0223425,O=C(CN1Cc2ccc(Cl)cc2C(C(=O)Nc2cncc3ccccc23)C1)NCc1cc(Cl)cc(Cl)c1,11.7,0.5,88.3,63.43768550706208,63.70744085483838,63.57256318095023
238,PCM-0223424,O=C(CN1Cc2ccc(Cl)cc2C(C(=O)Nc2cncc3ccccc23)C1)Nc1cc(Br)ccc1F,79.8,0.3,20.200000000000003,48.158623964573,42.24940684288904,45.20401540373102
239,PCM-0223423,COc1ccccc1N1CCN(C(=O)CN2Cc3ccc(Cl)cc3C(C(=O)Nc3cncc4ccccc34)C2)CC1,79.7,0.7,20.3,54.4305677225811,52.81677817452528,53.62367294855319
240,PCM-0223422,O=C(CN1Cc2ccc(Cl)cc2C(C(=O)Nc2cncc3ccccc23)C1)Nc1cccc(Br)n1,82.2,0.3,17.799999999999997,25.95434830598444,26.58441829169286,26.269383298838648
241,PCM-0223421,O=C(CN1Cc2ccc(Cl)cc2C(C(=O)Nc2cncc3ccccc23)C1)Nc1cc(Cl)c(F)c(Cl)c1,80.6,2.5,19.40000000000001,30.60681736710248,27.94552928006896,29.27617332358572
242,PCM-0223420,COc1c(Cl)cccc1NC(=O)CN1Cc2ccc(Cl)cc2C(C(=O)Nc2cncc3ccccc23)C1,73.5,2.1,26.5,36.95845930050075,35.01111916550561,35.984789233003184
243,PCM-0223419,O=C(CN1Cc2ccc(Cl)cc2C(C(=O)Nc2cncc3ccccc23)C1)Nc1ncc(C(F)(F)F)cc1Cl,83.5,1.7,16.5,41.6116489653916,38.05190483678092,39.83177690108626
244,PCM-0223418,O=C(CN1Cc2ccc(Cl)cc2C(C(=O)Nc2cncc3ccccc23)C1)N[C@H]1C(O)O[C@H](CO)[C@@H](O)[C@@H]1O,46.2,1.4,53.8,14.06235577194779,25.098627191484205,19.580491481715995
245,PCM-0223417,Cc1sc(NC(=O)CN2Cc3ccc(Cl)cc3C(C(=O)Nc3cncc4ccccc34)C2)nc1-c1ccc(Cl)cc1,73.3,1.7,26.700000000000003,23.82176254174378,29.2187899731081,26.52027625742594
246,PCM-0223416,COc1ccc(Cl)c(NC(=O)CN2Cc3ccc(Cl)cc3C(C(=O)Nc3cncc4ccccc34)C2)c1,81.5,0.4,18.5,20.97398135578299,25.00598847330427,22.98998491454363
247,PCM-0223415,O=C(Nc1cncc2ccccc12)C1CN(CC(=O)N2CCN(c3nsc4ccccc34)CC2)Cc2ccc(Cl)cc21,79.8,3.0,20.200000000000003,8.758453723873481,20.023566457697505,14.391010090785493
248,PCM-0223414,CS(=O)(=O)c1ccc(O)c(NC(=O)CN2Cc3ccc(Cl)cc3C(C(=O)Nc3cncc4ccccc34)C2)c1,41.6,0.6,58.4,27.07232323395201,31.87334733428713,29.47283528411957
249,PCM-0223413,Cc1ccc2cccc(NC(=O)CN3Cc4ccc(Cl)cc4C(C(=O)Nc4cncc5ccccc45)C3)c2n1,78.2,0.2,21.8,25.076109563380644,30.4945865047884,27.78534803408452
250,PCM-0223412,O=C(CN1Cc2ccc(Cl)cc2C(C(=O)Nc2cncc3ccccc23)C1)Nc1ccc2c(c1)C(=O)NC2=O,47.4,2.1,52.6,21.04236421783824,24.82616684060625,22.934265529222245
251,PCM-0223411,O=C(CN1Cc2ccc(Cl)cc2C(C(=O)Nc2cncc3ccccc23)C1)NCc1ccc(I)cc1,16.2,0.7,83.8,61.26817641961847,66.78540621076884,64.02679131519366
252,PCM-0223410,CC(C)(C)OC(=O)[C@H]1CCCN1C(=O)CN1Cc2ccc(Cl)cc2C(C(=O)Nc2cncc3ccccc23)C1,47.2,0.2,52.8,28.49452933787408,36.58980784961614,32.54216859374511
253,PCM-0223409,O=C(CN1Cc2ccc(Cl)cc2C(C(=O)Nc2cncc3ccccc23)C1)NCc1ccc2c(c1)OCO2,14.6,0.4,85.4,67.5222208730972,66.46344164973867,66.99283126141793
254,PCM-0223408,O=C(CN1Cc2ccc(Cl)cc2C(C(=O)Nc2cncc3ccccc23)C1)Nc1ccc(OC(F)F)cc1,24.6,0.5,75.4,52.97996859199572,46.85333389549097,49.91665124374335
255,PCM-0223407,O=C(CN1Cc2ccc(Cl)cc2C(C(=O)Nc2cncc3ccccc23)C1)Nc1cc(F)c(F)cc1Br,80.5,0.7,19.5,12.511847241795827,21.719164117167203,17.115505679481515
256,PCM-0223406,CCCOc1ccc(NC(=O)CN2Cc3ccc(Cl)cc3C(C(=O)Nc3cncc4ccccc34)C2)cc1,24.8,0.0,75.2,65.98094357624772,56.9160684027665,61.44850598950711
257,PCM-0223405,O=C(CN1Cc2ccc(Cl)cc2C(C(=O)Nc2cncc3ccccc23)C1)Nc1ccc(C(F)(F)F)cc1[N+](=O)[O-],82.5,1.2,17.5,12.032925865331071,17.75380968224013,14.893367773785602
258,PCM-0223404,COc1cc2c(cc1NC(=O)CN1Cc3ccc(Cl)cc3C(C(=O)Nc3cncc4ccccc34)C1)oc1ccccc12,77.8,1.0,22.200000000000003,15.199633369538285,24.37133192195752,19.7854826457479
259,PCM-0223403,Cc1nc(Br)ccc1NC(=O)CN1Cc2ccc(Cl)cc2C(C(=O)Nc2cncc3ccccc23)C1,79.7,0.6,20.3,24.059649464328267,26.625095799779235,25.342372632053756
260,PCM-0223402,Cc1cc(I)ccc1NC(=O)CN1Cc2ccc(Cl)cc2C(C(=O)Nc2cncc3ccccc23)C1,84.8,2.0,15.200000000000005,40.23321923251672,38.93575120335549,39.584485217936106
261,PCM-0223401,O=C(CN1Cc2ccc(Cl)cc2C(C(=O)Nc2cncc3ccccc23)C1)Nc1cc(C(F)(F)F)ccc1Cl,80.9,2.1,19.099999999999994,18.42979780128193,21.732311204572746,20.081054502927337
262,PCM-0223400,O=C(CN1Cc2ccc(Cl)cc2C(C(=O)Nc2cncc3ccccc23)C1)Nc1nc2cc(Cl)ccc2s1,82.4,2.3,17.599999999999994,19.835608909395265,23.98512599580228,21.910367452598773
263,PCM-0223399,O=C(CN1Cc2ccc(Cl)cc2C(C(=O)Nc2cncc3ccccc23)C1)Nc1cccc2ccc(O)cc12,45.1,1.0,54.9,59.46834575905057,52.7338083122246,56.10107703563759
264,PCM-0223398,O=C(CN1Cc2ccc(Cl)cc2C(C(=O)Nc2cncc3ccccc23)C1)Nc1ccc(-c2ccccn2)cc1,30.5,0.8,69.5,22.160589026592127,27.39828182719575,24.77943542689394
265,PCM-0223397,Cc1ccc2[nH]cc(CCNC(=O)CN3Cc4ccc(Cl)cc4C(C(=O)Nc4cncc5ccccc45)C3)c2c1,9.9,0.4,90.1,23.100018548814127,32.0418735856631,27.57094606723861
266,PCM-0223396,O=C(CN1Cc2ccc(Cl)cc2C(C(=O)Nc2cncc3ccccc23)C1)Nc1ccc2scnc2c1,15.2,0.8,84.8,22.52933059790029,26.32564525172664,24.427487924813462
267,PCM-0223395,O=C(CN1Cc2ccc(Cl)cc2C(C(=O)Nc2cncc3ccccc23)C1)Nc1cncc(Br)c1,79.4,2.1,20.599999999999994,33.97012349767827,29.78979206056501,31.87995777912164
268,PCM-0223394,O=C(Nc1cncc2ccccc12)C1CN(CC(=O)N2CCC(O)(c3ccc(Cl)cc3)CC2)Cc2ccc(Cl)cc21,77.1,1.2,22.90000000000001,27.245129381406624,36.34877560816805,31.79695249478733
269,PCM-0223393,O=C(CN1Cc2ccc(Cl)cc2C(C(=O)Nc2cncc3ccccc23)C1)Nc1c(Cl)cc(Cl)cc1Br,81.2,2.5,18.8,19.85022591450068,24.105528788168744,21.977877351334712
270,PCM-0223392,O=C(CN1Cc2ccc(Cl)cc2C(C(=O)Nc2cncc3ccccc23)C1)NC(c1ccccc1)c1ccccc1,15.0,0.2,85.0,61.57121562259648,59.302641240362576,60.43692843147953
271,PCM-0223391,O=C(CN1Cc2ccc(Cl)cc2C(C(=O)Nc2cncc3ccccc23)C1)NCc1ccc(OC(F)(F)F)cc1,25.1,0.0,74.9,68.37755714594687,68.65237898002412,68.5149680629855
272,PCM-0223390,CC(C)c1nc(CN(C)C(=O)CN2Cc3ccc(Cl)cc3C(C(=O)Nc3cncc4ccccc34)C2)cs1,49.7,1.1,50.3,20.98904987634496,30.08924915273173,25.539149514538344
273,PCM-0223389,CN1CCN(C2CCN(C(=O)CN3Cc4ccc(Cl)cc4C(C(=O)Nc4cncc5ccccc45)C3)CC2)CC1,21.6,0.4,78.4,38.82840366622886,40.55072293426797,39.68956330024841
274,PCM-0223388,O=C(CN1Cc2ccc(Cl)cc2C(C(=O)Nc2cncc3ccccc23)C1)Nc1ccc(Oc2ccc(Cl)cc2)cc1,84.4,0.7,15.599999999999994,34.74158137113708,35.031695582736,34.88663847693654
275,PCM-0223387,O=C(Nc1cncc2ccccc12)C1CN(CC(=O)N2CCN(c3ccc(O)cc3)CC2)Cc2ccc(Cl)cc21,74.1,0.1,25.90000000000001,81.38157098020737,70.93720295474331,76.15938696747534
276,PCM-0223386,O=C(CN1Cc2ccc(Cl)cc2C(C(=O)Nc2cncc3ccccc23)C1)Nc1ccccc1Sc1ccccc1,80.3,1.5,19.700000000000003,41.97927192070707,39.73599051523394,40.85763121797051
277,PCM-0223385,O=C(CN1Cc2ccc(Cl)cc2C(C(=O)Nc2cncc3ccccc23)C1)Nc1ccc(Cl)c(Cl)c1F,83.7,1.3,16.299999999999997,15.719762228081915,23.554373397519704,19.637067812800808
278,PCM-0223384,O=C(CN1Cc2ccc(Cl)cc2C(C(=O)Nc2cncc3ccccc23)C1)Nc1c(Cl)cccc1[N+](=O)[O-],80.4,1.1,19.599999999999994,20.16257031266009,19.71431463679598,19.938442474728035
279,PCM-0223383,O=C(Nc1cncc2ccccc12)C1CN(CC(=O)N2CCN(CCc3ccccc3)CC2)Cc2ccc(Cl)cc21,48.4,1.9,51.6,85.34453172386775,75.74686993475872,80.54570082931323
280,PCM-0223382,CSc1ncc(C#N)c(NC(=O)CN2Cc3ccc(Cl)cc3C(C(=O)Nc3cncc4ccccc34)C2)n1,81.2,2.7,18.8,21.81193571264385,28.431364971012183,25.121650341828012
281,PCM-0223381,O=C(CN1Cc2ccc(Cl)cc2C(C(=O)Nc2cncc3ccccc23)C1)Nc1ccc(Cl)c(Cl)c1,83.6,1.9,16.400000000000006,48.55777686868495,38.97610778817873,43.76694232843184
282,PCM-0223380,O=C(CN1Cc2ccc(Cl)cc2C(C(=O)Nc2cncc3ccccc23)C1)Nc1ccncc1Br,82.3,0.5,17.700000000000003,28.83526440041424,30.286924832478068,29.561094616446155
283,PCM-0223379,O=C(Nc1cncc2ccccc12)C1CN(CC(=O)N2CCN(C(=O)C3COc4ccccc4O3)CC2)Cc2ccc(Cl)cc21,72.3,0.1,27.700000000000003,10.238655823197949,21.68426321336748,15.961459518282712
284,PCM-0223378,CN(C(=O)CN1Cc2ccc(Cl)cc2C(C(=O)Nc2cncc3ccccc23)C1)C(c1ccccc1)c1ccccc1,65.4,0.5,34.599999999999994,57.91609421199539,61.254469522464994,59.585281867230194
285,PCM-0223377,O=C(CN1Cc2ccc(Cl)cc2C(C(=O)Nc2cncc3ccccc23)C1)NCCc1ccc(C(F)(F)F)cc1,12.7,0.2,87.3,60.11894056491711,60.6210398958733,60.3699902303952
286,PCM-0223376,O=C(CN1Cc2ccc(Cl)cc2C(C(=O)Nc2cncc3ccccc23)C1)Nc1ccccc1Oc1ccccc1,39.9,0.2,60.1,43.52253766997028,39.7245133558672,41.62352551291875
287,PCM-0223375,O=C(CN1Cc2ccc(Cl)cc2C(C(=O)Nc2cncc3ccccc23)C1)Nc1ccc(I)cn1,86.2,1.8,13.799999999999995,30.139375501422755,28.307158322564764,29.22326691199376
288,PCM-0223374,CC12CC3CC(C)(C1)CC(NC(=O)CN1Cc4ccc(Cl)cc4C(C(=O)Nc4cncc5ccccc45)C1)(C3)C2,37.8,3.3,62.2,58.91476932327113,54.794329136126905,56.85454922969902
289,PCM-0223373,O=C(CN1Cc2ccc(Cl)cc2C(C(=O)Nc2cncc3ccccc23)C1)Nc1cccc(N2CCOCC2)c1,24.8,0.1,75.2,54.22441238875793,51.16014863332295,52.69228051104044
290,PCM-0223372,O=C(CN1Cc2ccc(Cl)cc2C(C(=O)Nc2cncc3ccccc23)C1)Nc1c(Cl)c(F)nc(F)c1Cl,85.0,1.0,15.0,11.113743652700084,19.940688188984826,15.527215920842456
291,PCM-0223371,O=C(CN1Cc2ccc(Cl)cc2C(C(=O)Nc2cncc3ccccc23)C1)NCc1ccc(Cl)c(C(F)(F)F)c1,34.1,0.4,65.9,30.035724298124627,38.159401590730496,34.097562944427565
292,PCM-0223370,O=C(CN1Cc2ccc(Cl)cc2C(C(=O)Nc2cncc3ccccc23)C1)NCc1ccc(Oc2ccccc2)cc1,42.0,1.1,58.0,64.10964167796632,67.26805586378595,65.68884877087613
293,PCM-0223369,O=C(Nc1cncc2ccccc12)C1CN(CC(=O)N2CCC(Cc3ccccc3)CC2)Cc2ccc(Cl)cc21,77.6,1.9,22.40000000000001,59.21236506071186,60.94975702264108,60.08106104167647
294,PCM-0223368,O=C(CN1Cc2ccc(Cl)cc2C(C(=O)Nc2cncc3ccccc23)C1)Nc1ccccc1OCC(F)(F)F,63.8,8.3,36.2,44.5317021505782,43.91464509289619,44.22317362173719
295,PCM-0223367,CCN(CC)S(=O)(=O)c1ccc(NC(=O)CN2Cc3ccc(Cl)cc3C(C(=O)Nc3cncc4ccccc34)C2)cc1,87.0,1.3,13.0,21.05600954385785,28.420729433102967,24.73836948848041
296,PCM-0223366,CCN1CCN(c2ccc(NC(=O)CN3Cc4ccc(Cl)cc4C(C(=O)Nc4cncc5ccccc45)C3)cc2)CC1,2.6,0.0,97.4,52.12394910719584,48.90155103980189,50.512750073498864
297,PCM-0223365,N#Cc1ccc(NC(=O)CN2Cc3ccc(Cl)cc3C(C(=O)Nc3cncc4ccccc34)C2)cc1Br,82.6,0.7,17.400000000000006,39.623641596775336,37.80614438080863,38.71489298879199
298,PCM-0223364,O=C(CN1Cc2ccc(Cl)cc2C(C(=O)Nc2cncc3ccccc23)C1)Nc1ccc(C(F)(F)F)cn1,13.3,0.2,86.7,19.741368054134565,22.25099379091155,20.99618092252306
299,PCM-0223363,O=C(CN1Cc2ccc(Cl)cc2C(C(=O)Nc2cncc3ccccc23)C1)Nc1ccc(F)cc1C(F)(F)F,86.2,0.1,13.799999999999995,21.21031742414268,27.36758437950741,24.288950901825046
